bbox_west,bbox_south,bbox_east,bbox_north,place_id,osm_type,osm_id,lat,lon,class,type,place_rank,importance,addresstype,name,display_name,area_m2,zone_id,dist_alimentacion,access_alimentacion,dist_farmacia,access_farmacia,dist_salud,access_salud,dist_educacion,access_educacion,dist_parque,access_parque,dist_transporte,access_transporte,services_count,score_15min,cluster
-0.4325512,39.2784496,-0.2725205,39.566609,294718178,relation,344953,39.4697065,-0.3763353,boundary,administrative,16,0.7306288056783602,city,Valencia,"Valencia, Comarca de València, Valencia, Valencian Community, Spain",341669.69391845865,Z001,2122.303238353512,0,2108.186089462388,0,2127.9672412155505,0,2138.453120051137,0,1834.3817713073265,0,1627.8873682084338,0,0,0.0,0
-0.4325512,39.2784496,-0.2725205,39.566609,294718178,relation,344953,39.4697065,-0.3763353,boundary,administrative,16,0.7306288056783602,city,Valencia,"Valencia, Comarca de València, Valencia, Valencian Community, Spain",232227.8805171594,Z002,795.9565630957931,1,737.8240317219506,1,752.4992677691497,1,554.5754604911986,1,672.5760775291205,1,602.0688650774451,1,6,100.0,0
-0.4325512,39.2784496,-0.2725205,39.566609,294718178,relation,344953,39.4697065,-0.3763353,boundary,administrative,16,0.7306288056783602,city,Valencia,"Valencia, Comarca de València, Valencia, Valencian Community, Spain",598378.5636029661,Z003,344.57668925040207,1,634.7124485074929,1,697.0766120259403,1,251.09966067641244,1,405.1614608008939,1,91.94993161022235,1,6,100.0,0
-0.4325512,39.2784496,-0.2725205,39.566609,294718178,relation,344953,39.4697065,-0.3763353,boundary,administrative,16,0.7306288056783602,city,Valencia,"Valencia, Comarca de València, Valencia, Valencian Community, Spain",87221.34308912893,Z004,3986.704493275212,0,4029.048264836525,0,5601.084971826944,0,4229.153282544349,0,159.95412476429567,1,2262.3839117263665,0,1,16.666666666666664,3
-0.4325512,39.2784496,-0.2725205,39.566609,294718178,relation,344953,39.4697065,-0.3763353,boundary,administrative,16,0.7306288056783602,city,Valencia,"Valencia, Comarca de València, Valencia, Valencian Community, Spain",763884.787410594,Z005,4694.7107229614885,0,4757.877592027057,0,6344.938602301072,0,4922.237625130912,0,962.6116839366666,1,3017.5261615604845,0,1,16.666666666666664,3
-0.4325512,39.2784496,-0.2725205,39.566609,294718178,relation,344953,39.4697065,-0.3763353,boundary,administrative,16,0.7306288056783602,city,Valencia,"Valencia, Comarca de València, Valencia, Valencian Community, Spain",818522.8019576642,Z006,1402.0263665444245,0,1876.025641372289,0,1902.1389322750388,0,1946.9872281082994,0,1799.287905585226,0,716.5158309714107,1,1,16.666666666666664,0
-0.4325512,39.2784496,-0.2725205,39.566609,294718178,relation,344953,39.4697065,-0.3763353,boundary,administrative,16,0.7306288056783602,city,Valencia,"Valencia, Comarca de València, Valencia, Valencian Community, Spain",926780.6420214231,Z007,1502.6224955259888,0,1446.4196221955467,0,1468.082227859416,0,1486.547262896204,0,1218.9964218436066,0,1042.413173052767,1,1,16.666666666666664,0
-0.4325512,39.2784496,-0.2725205,39.566609,294718178,relation,344953,39.4697065,-0.3763353,boundary,administrative,16,0.7306288056783602,city,Valencia,"Valencia, Comarca de València, Valencia, Valencian Community, Spain",178557.15159359522,Z008,798.2374780373258,1,861.9719113436774,1,1086.930482245709,1,787.4496710449586,1,786.3317689078691,1,754.9008892276819,1,6,100.0,0
-0.4325512,39.2784496,-0.2725205,39.566609,294718178,relation,344953,39.4697065,-0.3763353,boundary,administrative,16,0.7306288056783602,city,Valencia,"Valencia, Comarca de València, Valencia, Valencian Community, Spain",133362.51568669212,Z009,87.17478816302284,1,91.07312131133692,1,438.9760159166537,1,215.06587140361904,1,113.45304418579185,1,62.68244720878301,1,6,100.0,0
-0.4325512,39.2784496,-0.2725205,39.566609,294718178,relation,344953,39.4697065,-0.3763353,boundary,administrative,16,0.7306288056783602,city,Valencia,"Valencia, Comarca de València, Valencia, Valencian Community, Spain",541613.088352958,Z010,993.4544533246079,1,1322.4250887898904,0,1083.4207317028106,1,999.4827717424902,1,1062.6052652015019,1,1025.867671232082,1,5,83.33333333333334,0
-0.4325512,39.2784496,-0.2725205,39.566609,294718178,relation,344953,39.4697065,-0.3763353,boundary,administrative,16,0.7306288056783602,city,Valencia,"Valencia, Comarca de València, Valencia, Valencian Community, Spain",999140.761005817,Z011,693.1642369898537,1,587.4344330577488,1,777.3695803365325,1,150.98128028848612,1,724.9096885971157,1,452.25444012153827,1,6,100.0,0
-0.4325512,39.2784496,-0.2725205,39.566609,294718178,relation,344953,39.4697065,-0.3763353,boundary,administrative,16,0.7306288056783602,city,Valencia,"Valencia, Comarca de València, Valencia, Valencian Community, Spain",651103.7403203532,Z012,149.6285078726632,1,122.36011393022594,1,390.314462580099,1,479.4252641533025,1,68.52758403092355,1,78.65852971922553,1,6,100.0,0
-0.4325512,39.2784496,-0.2725205,39.566609,294718178,relation,344953,39.4697065,-0.3763353,boundary,administrative,16,0.7306288056783602,city,Valencia,"Valencia, Comarca de València, Valencia, Valencian Community, Spain",106299.1616526324,Z013,2473.485967001864,0,2474.114088538964,0,4443.981281463013,0,2740.951665807572,0,420.89332393249964,1,702.9770425573574,1,2,33.33333333333333,0
-0.4325512,39.2784496,-0.2725205,39.566609,294718178,relation,344953,39.4697065,-0.3763353,boundary,administrative,16,0.7306288056783602,city,Valencia,"Valencia, Comarca de València, Valencia, Valencian Community, Spain",560176.2194542234,Z014,3199.815368688766,0,3255.639958113733,0,5308.301102209071,0,3435.8181246167865,0,237.09011382305485,1,1519.622133824546,0,1,16.666666666666664,3
-0.4325512,39.2784496,-0.2725205,39.566609,294718178,relation,344953,39.4697065,-0.3763353,boundary,administrative,16,0.7306288056783602,city,Valencia,"Valencia, Comarca de València, Valencia, Valencian Community, Spain",79786.2168529178,Z015,4087.7748764949583,0,4158.533542253306,0,6026.186937048965,0,4311.066439545255,0,588.9513911343995,1,2440.6301694734702,0,1,16.666666666666664,3
-0.4325512,39.2784496,-0.2725205,39.566609,294718178,relation,344953,39.4697065,-0.3763353,boundary,administrative,16,0.7306288056783602,city,Valencia,"Valencia, Comarca de València, Valencia, Valencian Community, Spain",828836.8149783788,Z016,444.7734498478776,1,1272.1895760969337,0,1296.8976866531118,0,1185.0476588606577,1,1361.9149404181287,0,228.93805143508246,1,3,50.0,0
-0.4325512,39.2784496,-0.2725205,39.566609,294718178,relation,344953,39.4697065,-0.3763353,boundary,administrative,16,0.7306288056783602,city,Valencia,"Valencia, Comarca de València, Valencia, Valencian Community, Spain",1000000.0,Z017,664.236268812324,1,506.2536035516258,1,532.1208812186827,1,575.9150612742774,1,502.53209776312195,1,406.7205978208115,1,6,100.0,0
-0.4325512,39.2784496,-0.2725205,39.566609,294718178,relation,344953,39.4697065,-0.3763353,boundary,administrative,16,0.7306288056783602,city,Valencia,"Valencia, Comarca de València, Valencia, Valencian Community, Spain",1000000.0,Z018,293.14092266043997,1,304.1298453004418,1,761.442425752455,1,467.85627214660315,1,440.7904125945911,1,299.9431637506155,1,6,100.0,0
-0.4325512,39.2784496,-0.2725205,39.566609,294718178,relation,344953,39.4697065,-0.3763353,boundary,administrative,16,0.7306288056783602,city,Valencia,"Valencia, Comarca de València, Valencia, Valencian Community, Spain",976662.2331210743,Z019,358.9979341194466,1,382.31485859360123,1,115.68140114236012,1,44.18434404578679,1,162.3095027245206,1,10.635545594728242,1,6,100.0,0
-0.4325512,39.2784496,-0.2725205,39.566609,294718178,relation,344953,39.4697065,-0.3763353,boundary,administrative,16,0.7306288056783602,city,Valencia,"Valencia, Comarca de València, Valencia, Valencian Community, Spain",863000.9882802814,Z020,229.75581824414095,1,188.0522013764421,1,470.376693266814,1,409.39505230486094,1,112.97254665516868,1,104.94363191219348,1,6,100.0,0
-0.4325512,39.2784496,-0.2725205,39.566609,294718178,relation,344953,39.4697065,-0.3763353,boundary,administrative,16,0.7306288056783602,city,Valencia,"Valencia, Comarca de València, Valencia, Valencian Community, Spain",974881.0065276697,Z021,387.74547347375415,1,465.55052064779727,1,364.7014518178495,1,272.4151002532525,1,197.84952979849626,1,227.68847970861628,1,6,100.0,0
-0.4325512,39.2784496,-0.2725205,39.566609,294718178,relation,344953,39.4697065,-0.3763353,boundary,administrative,16,0.7306288056783602,city,Valencia,"Valencia, Comarca de València, Valencia, Valencian Community, Spain",996750.9621155639,Z022,403.0464080138213,1,435.4353475346586,1,336.6350168810298,1,184.53828241137228,1,100.45791456664462,1,59.82278188653855,1,6,100.0,0
-0.4325512,39.2784496,-0.2725205,39.566609,294718178,relation,344953,39.4697065,-0.3763353,boundary,administrative,16,0.7306288056783602,city,Valencia,"Valencia, Comarca de València, Valencia, Valencian Community, Spain",112669.20350899569,Z023,212.163261638027,1,587.2795445334724,1,650.7851793911917,1,335.8941540491499,1,146.0568613410382,1,255.8273381634257,1,6,100.0,0
-0.4325512,39.2784496,-0.2725205,39.566609,294718178,relation,344953,39.4697065,-0.3763353,boundary,administrative,16,0.7306288056783602,city,Valencia,"Valencia, Comarca de València, Valencia, Valencian Community, Spain",73116.23765324314,Z024,1438.9501657588494,0,1864.5968993886333,0,2098.9166790953254,0,1482.6444084709979,0,848.9988755916116,1,966.7295992014161,1,2,33.33333333333333,0
-0.4325512,39.2784496,-0.2725205,39.566609,294718178,relation,344953,39.4697065,-0.3763353,boundary,administrative,16,0.7306288056783602,city,Valencia,"Valencia, Comarca de València, Valencia, Valencian Community, Spain",87370.63111529207,Z025,1824.4853826826738,0,1584.6425101277812,0,2787.0178840249,0,2047.0596596386374,0,866.5021634176692,1,1100.1121213071656,1,2,33.33333333333333,0
-0.4325512,39.2784496,-0.2725205,39.566609,294718178,relation,344953,39.4697065,-0.3763353,boundary,administrative,16,0.7306288056783602,city,Valencia,"Valencia, Comarca de València, Valencia, Valencian Community, Spain",301017.1494921615,Z026,1524.4450979260548,0,1438.420771566692,0,3792.807914342772,0,1813.974202768139,0,1157.0532787587483,1,668.079194280842,1,2,33.33333333333333,0
-0.4325512,39.2784496,-0.2725205,39.566609,294718178,relation,344953,39.4697065,-0.3763353,boundary,administrative,16,0.7306288056783602,city,Valencia,"Valencia, Comarca de València, Valencia, Valencian Community, Spain",667928.394663041,Z027,2087.3634146453232,0,2100.9794425842388,0,4462.18412424111,0,2350.8141994613325,0,250.8329952967895,1,321.88767101019386,1,2,33.33333333333333,0
-0.4325512,39.2784496,-0.2725205,39.566609,294718178,relation,344953,39.4697065,-0.3763353,boundary,administrative,16,0.7306288056783602,city,Valencia,"Valencia, Comarca de València, Valencia, Valencian Community, Spain",129004.96394851097,Z028,2662.754274604693,0,2730.242696478223,0,5150.706584374261,0,2893.159592751352,0,280.67468600364697,1,1050.9270129475972,1,2,33.33333333333333,3
-0.4325512,39.2784496,-0.2725205,39.566609,294718178,relation,344953,39.4697065,-0.3763353,boundary,administrative,16,0.7306288056783602,city,Valencia,"Valencia, Comarca de València, Valencia, Valencian Community, Spain",188299.74916309526,Z029,7061.782627581774,0,7046.571487204869,0,11307.702123340037,0,7986.320855318224,0,8094.022292427301,0,6616.899659064927,0,0,0.0,1
-0.4325512,39.2784496,-0.2725205,39.566609,294718178,relation,344953,39.4697065,-0.3763353,boundary,administrative,16,0.7306288056783602,city,Valencia,"Valencia, Comarca de València, Valencia, Valencian Community, Spain",748701.5066722467,Z030,423.9592564442048,1,420.4330479962208,1,1322.9355495902644,0,238.13999048307923,1,345.2654593173783,1,406.87276726912626,1,5,83.33333333333334,0
-0.4325512,39.2784496,-0.2725205,39.566609,294718178,relation,344953,39.4697065,-0.3763353,boundary,administrative,16,0.7306288056783602,city,Valencia,"Valencia, Comarca de València, Valencia, Valencian Community, Spain",999948.4057549634,Z031,565.7027776605848,1,660.7368048366675,1,640.0282925132666,1,362.15859635330855,1,522.9176086304041,1,367.0089228098156,1,6,100.0,0
-0.4325512,39.2784496,-0.2725205,39.566609,294718178,relation,344953,39.4697065,-0.3763353,boundary,administrative,16,0.7306288056783602,city,Valencia,"Valencia, Comarca de València, Valencia, Valencian Community, Spain",1000000.0,Z032,311.8132964435514,1,369.50748292933775,1,393.06045165287924,1,300.91367716783253,1,317.6184457028491,1,20.329850637494477,1,6,100.0,0
-0.4325512,39.2784496,-0.2725205,39.566609,294718178,relation,344953,39.4697065,-0.3763353,boundary,administrative,16,0.7306288056783602,city,Valencia,"Valencia, Comarca de València, Valencia, Valencian Community, Spain",1000000.0,Z033,95.96463600396055,1,280.5010975611913,1,415.9789395218301,1,251.07207872175056,1,236.6837078645319,1,104.95000125034667,1,6,100.0,0
-0.4325512,39.2784496,-0.2725205,39.566609,294718178,relation,344953,39.4697065,-0.3763353,boundary,administrative,16,0.7306288056783602,city,Valencia,"Valencia, Comarca de València, Valencia, Valencian Community, Spain",1000000.0,Z034,300.37385524080184,1,98.82530822330722,1,455.898078776466,1,138.1197029666252,1,86.42457670662799,1,105.58405629309875,1,6,100.0,0
-0.4325512,39.2784496,-0.2725205,39.566609,294718178,relation,344953,39.4697065,-0.3763353,boundary,administrative,16,0.7306288056783602,city,Valencia,"Valencia, Comarca de València, Valencia, Valencian Community, Spain",1000000.0,Z035,157.57295619160828,1,219.3811413606176,1,113.21888979910523,1,73.79971190054098,1,109.76572134899799,1,43.993869248699625,1,6,100.0,0
-0.4325512,39.2784496,-0.2725205,39.566609,294718178,relation,344953,39.4697065,-0.3763353,boundary,administrative,16,0.7306288056783602,city,Valencia,"Valencia, Comarca de València, Valencia, Valencian Community, Spain",1000000.0,Z036,140.4742332170888,1,271.2087748190863,1,418.14588389865474,1,78.17811530037643,1,71.33248357829504,1,30.602411676323413,1,6,100.0,0
-0.4325512,39.2784496,-0.2725205,39.566609,294718178,relation,344953,39.4697065,-0.3763353,boundary,administrative,16,0.7306288056783602,city,Valencia,"Valencia, Comarca de València, Valencia, Valencian Community, Spain",1000000.0,Z037,127.41430007979434,1,165.3323210926882,1,334.47119339112004,1,332.9026845456116,1,168.1539463972001,1,36.52714617609277,1,6,100.0,0
-0.4325512,39.2784496,-0.2725205,39.566609,294718178,relation,344953,39.4697065,-0.3763353,boundary,administrative,16,0.7306288056783602,city,Valencia,"Valencia, Comarca de València, Valencia, Valencian Community, Spain",866685.0046804806,Z038,379.74812553097485,1,764.3489620656761,1,943.7532762610308,1,196.75174052439223,1,487.57151383745384,1,151.41481999528406,1,6,100.0,0
-0.4325512,39.2784496,-0.2725205,39.566609,294718178,relation,344953,39.4697065,-0.3763353,boundary,administrative,16,0.7306288056783602,city,Valencia,"Valencia, Comarca de València, Valencia, Valencian Community, Spain",957179.7329573896,Z039,1488.7982896767578,0,1863.1422940407695,0,2082.8282664840435,0,1340.6660914319598,0,462.3543574524546,1,485.27107943978586,1,2,33.33333333333333,0
-0.4325512,39.2784496,-0.2725205,39.566609,294718178,relation,344953,39.4697065,-0.3763353,boundary,administrative,16,0.7306288056783602,city,Valencia,"Valencia, Comarca de València, Valencia, Valencian Community, Spain",955843.5260075664,Z040,1485.961704126456,0,1227.9927185588976,0,2776.304007417958,0,1655.5316995218802,0,384.121119788227,1,614.925099970415,1,2,33.33333333333333,0
-0.4325512,39.2784496,-0.2725205,39.566609,294718178,relation,344953,39.4697065,-0.3763353,boundary,administrative,16,0.7306288056783602,city,Valencia,"Valencia, Comarca de València, Valencia, Valencian Community, Spain",529383.5011055501,Z041,550.8851118856987,1,412.8223811858655,1,3864.3239123654675,0,831.5722075551557,1,1408.5808253414846,0,406.90406481477686,1,4,66.66666666666666,0
-0.4325512,39.2784496,-0.2725205,39.566609,294718178,relation,344953,39.4697065,-0.3763353,boundary,administrative,16,0.7306288056783602,city,Valencia,"Valencia, Comarca de València, Valencia, Valencian Community, Spain",76636.45419550082,Z042,7353.502370337554,0,6129.5364059959875,0,12715.075981839032,0,8812.80192481158,0,8966.183761607042,0,6118.641555584803,0,0,0.0,1
-0.4325512,39.2784496,-0.2725205,39.566609,294718178,relation,344953,39.4697065,-0.3763353,boundary,administrative,16,0.7306288056783602,city,Valencia,"Valencia, Comarca de València, Valencia, Valencian Community, Spain",764178.3109847975,Z043,6960.996587679276,0,6068.984062228769,0,12226.413150335417,0,8347.453476066705,0,8497.05337502666,0,5977.3558023113965,0,0,0.0,1
-0.4325512,39.2784496,-0.2725205,39.566609,294718178,relation,344953,39.4697065,-0.3763353,boundary,administrative,16,0.7306288056783602,city,Valencia,"Valencia, Comarca de València, Valencia, Valencian Community, Spain",998977.8550512593,Z044,6467.070468791753,0,6451.291883718756,0,11100.00735958999,0,7510.05437099353,0,7636.70870887349,0,6003.070338665367,0,0,0.0,1
-0.4325512,39.2784496,-0.2725205,39.566609,294718178,relation,344953,39.4697065,-0.3763353,boundary,administrative,16,0.7306288056783602,city,Valencia,"Valencia, Comarca de València, Valencia, Valencian Community, Spain",696402.4998953922,Z045,5921.894825129526,0,5908.7716956990935,0,10078.466218299132,0,6663.003630490774,0,6762.111971365741,0,5565.70320712725,0,0,0.0,1
-0.4325512,39.2784496,-0.2725205,39.566609,294718178,relation,344953,39.4697065,-0.3763353,boundary,administrative,16,0.7306288056783602,city,Valencia,"Valencia, Comarca de València, Valencia, Valencian Community, Spain",364793.90423060505,Z046,5465.496083406847,0,5455.726418333978,0,9060.265622956858,0,5840.314219465978,0,5904.040294149151,0,5240.5764876161,0,0,0.0,1
-0.4325512,39.2784496,-0.2725205,39.566609,294718178,relation,344953,39.4697065,-0.3763353,boundary,administrative,16,0.7306288056783602,city,Valencia,"Valencia, Comarca de València, Valencia, Valencian Community, Spain",330539.6928268773,Z047,983.8576399600106,1,984.8765916260331,1,1468.780657589712,0,633.8612707226021,1,849.4859639413562,1,316.4113274069637,1,5,83.33333333333334,0
-0.4325512,39.2784496,-0.2725205,39.566609,294718178,relation,344953,39.4697065,-0.3763353,boundary,administrative,16,0.7306288056783602,city,Valencia,"Valencia, Comarca de València, Valencia, Valencian Community, Spain",1000000.0,Z048,812.2104057732266,1,583.858738371572,1,667.1072801420057,1,235.85140752234386,1,77.52327198624523,1,229.38967952603798,1,6,100.0,0
-0.4325512,39.2784496,-0.2725205,39.566609,294718178,relation,344953,39.4697065,-0.3763353,boundary,administrative,16,0.7306288056783602,city,Valencia,"Valencia, Comarca de València, Valencia, Valencian Community, Spain",1000000.0,Z049,386.7953539293273,1,360.560391528117,1,564.5048615269122,1,478.68184461166027,1,213.7993217312363,1,132.6133584505378,1,6,100.0,0
-0.4325512,39.2784496,-0.2725205,39.566609,294718178,relation,344953,39.4697065,-0.3763353,boundary,administrative,16,0.7306288056783602,city,Valencia,"Valencia, Comarca de València, Valencia, Valencian Community, Spain",1000000.0,Z050,104.30041616948881,1,202.29087334128425,1,528.6996629005721,1,435.42823496886444,1,83.22756637348188,1,40.08761246898804,1,6,100.0,0
-0.4325512,39.2784496,-0.2725205,39.566609,294718178,relation,344953,39.4697065,-0.3763353,boundary,administrative,16,0.7306288056783602,city,Valencia,"Valencia, Comarca de València, Valencia, Valencian Community, Spain",1000000.0,Z051,83.58088601009312,1,183.80479086599354,1,394.1597371057902,1,144.61588605045927,1,154.47766036511797,1,56.30234651672945,1,6,100.0,0
-0.4325512,39.2784496,-0.2725205,39.566609,294718178,relation,344953,39.4697065,-0.3763353,boundary,administrative,16,0.7306288056783602,city,Valencia,"Valencia, Comarca de València, Valencia, Valencian Community, Spain",1000000.0,Z052,50.46425106406294,1,112.31357226689192,1,231.6591445250726,1,140.48345131236522,1,192.44413059320655,1,57.227001849567884,1,6,100.0,0
-0.4325512,39.2784496,-0.2725205,39.566609,294718178,relation,344953,39.4697065,-0.3763353,boundary,administrative,16,0.7306288056783602,city,Valencia,"Valencia, Comarca de València, Valencia, Valencian Community, Spain",1000000.0,Z053,31.403193981255356,1,181.1766508287819,1,460.56296893216063,1,154.90349063293573,1,202.68906362404377,1,13.318921231443511,1,6,100.0,0
-0.4325512,39.2784496,-0.2725205,39.566609,294718178,relation,344953,39.4697065,-0.3763353,boundary,administrative,16,0.7306288056783602,city,Valencia,"Valencia, Comarca de València, Valencia, Valencian Community, Spain",1000000.0,Z054,215.07347853707867,1,115.95758211125161,1,122.71566961197514,1,59.42446314481513,1,115.39353411134263,1,35.5266454191333,1,6,100.0,0
-0.4325512,39.2784496,-0.2725205,39.566609,294718178,relation,344953,39.4697065,-0.3763353,boundary,administrative,16,0.7306288056783602,city,Valencia,"Valencia, Comarca de València, Valencia, Valencian Community, Spain",1000000.0,Z055,535.8783622050402,1,535.5395768467486,1,928.6583999082947,1,613.3505402330167,1,479.94117142621,1,115.63411829091594,1,6,100.0,0
-0.4325512,39.2784496,-0.2725205,39.566609,294718178,relation,344953,39.4697065,-0.3763353,boundary,administrative,16,0.7306288056783602,city,Valencia,"Valencia, Comarca de València, Valencia, Valencian Community, Spain",1000000.0,Z056,1530.7784679307094,0,1436.1721872036028,0,1926.0720941504944,0,1142.822254082261,1,781.3894995289808,1,324.4085310774163,1,3,50.0,0
-0.4325512,39.2784496,-0.2725205,39.566609,294718178,relation,344953,39.4697065,-0.3763353,boundary,administrative,16,0.7306288056783602,city,Valencia,"Valencia, Comarca de València, Valencia, Valencian Community, Spain",1000000.0,Z057,1147.6075853680506,1,957.9000051757816,1,2894.883648679524,0,1126.030396993044,1,313.3736925080742,1,379.97098281264215,1,5,83.33333333333334,0
-0.4325512,39.2784496,-0.2725205,39.566609,294718178,relation,344953,39.4697065,-0.3763353,boundary,administrative,16,0.7306288056783602,city,Valencia,"Valencia, Comarca de València, Valencia, Valencian Community, Spain",697830.824685479,Z058,245.07937038097472,1,344.52381856059606,1,3871.765186478462,0,147.4853712789823,1,1111.901617339656,1,213.61811248304906,1,5,83.33333333333334,0
-0.4325512,39.2784496,-0.2725205,39.566609,294718178,relation,344953,39.4697065,-0.3763353,boundary,administrative,16,0.7306288056783602,city,Valencia,"Valencia, Comarca de València, Valencia, Valencian Community, Spain",509205.2196007179,Z059,6645.377574293164,0,4911.235904683554,0,12826.915346345702,0,8437.299831639646,0,8618.008316747202,0,4917.19788588806,0,0,0.0,1
-0.4325512,39.2784496,-0.2725205,39.566609,294718178,relation,344953,39.4697065,-0.3763353,boundary,administrative,16,0.7306288056783602,city,Valencia,"Valencia, Comarca de València, Valencia, Valencian Community, Spain",998801.1355933874,Z060,6202.234687943823,0,5294.977379916007,0,11950.968905697257,0,7757.150959727977,0,7922.69103143079,0,5144.42527980123,0,0,0.0,1
-0.4325512,39.2784496,-0.2725205,39.566609,294718178,relation,344953,39.4697065,-0.3763353,boundary,administrative,16,0.7306288056783602,city,Valencia,"Valencia, Comarca de València, Valencia, Valencian Community, Spain",1000000.0,Z061,5604.185864012499,0,5586.962518349357,0,10967.870537322722,0,6911.291080906646,0,7062.809100646371,0,5087.529092167355,0,0,0.0,1
-0.4325512,39.2784496,-0.2725205,39.566609,294718178,relation,344953,39.4697065,-0.3763353,boundary,administrative,16,0.7306288056783602,city,Valencia,"Valencia, Comarca de València, Valencia, Valencian Community, Spain",1000000.0,Z062,5121.535422516971,0,5107.240755352379,0,9971.148756307393,0,6096.350573545317,0,6228.77285074946,0,4727.114994751071,0,0,0.0,1
-0.4325512,39.2784496,-0.2725205,39.566609,294718178,relation,344953,39.4697065,-0.3763353,boundary,administrative,16,0.7306288056783602,city,Valencia,"Valencia, Comarca de València, Valencia, Valencian Community, Spain",1000000.0,Z063,4801.390524607606,0,4790.998443416696,0,8975.156317152145,0,5344.6268556466675,0,5441.566213545348,0,4561.316716495153,0,0,0.0,1
-0.4325512,39.2784496,-0.2725205,39.566609,294718178,relation,344953,39.4697065,-0.3763353,boundary,administrative,16,0.7306288056783602,city,Valencia,"Valencia, Comarca de València, Valencia, Valencian Community, Spain",587006.333522144,Z064,4529.380475788872,0,4523.827403216917,0,7937.717985294041,0,4551.998450762831,0,4598.881668678731,0,4470.574091331087,0,0,0.0,1
-0.4325512,39.2784496,-0.2725205,39.566609,294718178,relation,344953,39.4697065,-0.3763353,boundary,administrative,16,0.7306288056783602,city,Valencia,"Valencia, Comarca de València, Valencia, Valencian Community, Spain",60879.74299865105,Z065,656.8108675772745,1,857.2214794662401,1,737.29553308664,1,644.7050350374521,1,615.3793095065175,1,72.61878495247791,1,6,100.0,0
-0.4325512,39.2784496,-0.2725205,39.566609,294718178,relation,344953,39.4697065,-0.3763353,boundary,administrative,16,0.7306288056783602,city,Valencia,"Valencia, Comarca de València, Valencia, Valencian Community, Spain",846161.1366381006,Z066,718.1687668895875,1,874.9472675292545,1,882.9652250749031,1,99.55993446385719,1,974.745645177247,1,274.49634982758164,1,6,100.0,0
-0.4325512,39.2784496,-0.2725205,39.566609,294718178,relation,344953,39.4697065,-0.3763353,boundary,administrative,16,0.7306288056783602,city,Valencia,"Valencia, Comarca de València, Valencia, Valencian Community, Spain",1000000.0,Z067,757.1627835791911,1,564.4838502576749,1,614.8253259990443,1,714.6461977017382,1,518.9471027508765,1,375.73780505438805,1,6,100.0,0
-0.4325512,39.2784496,-0.2725205,39.566609,294718178,relation,344953,39.4697065,-0.3763353,boundary,administrative,16,0.7306288056783602,city,Valencia,"Valencia, Comarca de València, Valencia, Valencian Community, Spain",1000000.0,Z068,157.1340963389088,1,137.63966995991012,1,222.7916660011572,1,422.8378099870886,1,88.1051721672962,1,92.25906224122946,1,6,100.0,0
-0.4325512,39.2784496,-0.2725205,39.566609,294718178,relation,344953,39.4697065,-0.3763353,boundary,administrative,16,0.7306288056783602,city,Valencia,"Valencia, Comarca de València, Valencia, Valencian Community, Spain",1000000.0,Z069,30.84031704152643,1,86.96149658985898,1,412.47063109785915,1,253.63746085600826,1,44.35872914124459,1,21.595972945213305,1,6,100.0,0
-0.4325512,39.2784496,-0.2725205,39.566609,294718178,relation,344953,39.4697065,-0.3763353,boundary,administrative,16,0.7306288056783602,city,Valencia,"Valencia, Comarca de València, Valencia, Valencian Community, Spain",1000000.0,Z070,109.89511550240572,1,63.60484375336151,1,150.3336430199631,1,217.6523247075824,1,748.4512448212366,1,25.663458066253384,1,6,100.0,0
-0.4325512,39.2784496,-0.2725205,39.566609,294718178,relation,344953,39.4697065,-0.3763353,boundary,administrative,16,0.7306288056783602,city,Valencia,"Valencia, Comarca de València, Valencia, Valencian Community, Spain",1000000.0,Z071,133.0680019086984,1,95.77371827169152,1,167.75485145463034,1,140.26111689810668,1,258.1783092029289,1,143.24207245615258,1,6,100.0,0
-0.4325512,39.2784496,-0.2725205,39.566609,294718178,relation,344953,39.4697065,-0.3763353,boundary,administrative,16,0.7306288056783602,city,Valencia,"Valencia, Comarca de València, Valencia, Valencian Community, Spain",1000000.0,Z072,123.06824122385216,1,194.34008571782726,1,185.87057592553066,1,195.47585808074183,1,269.73247886870445,1,106.6776072186503,1,6,100.0,0
-0.4325512,39.2784496,-0.2725205,39.566609,294718178,relation,344953,39.4697065,-0.3763353,boundary,administrative,16,0.7306288056783602,city,Valencia,"Valencia, Comarca de València, Valencia, Valencian Community, Spain",1000000.0,Z073,47.93167641600071,1,23.78031832038924,1,278.9951993545296,1,120.2339035899236,1,67.19240445408006,1,63.32758894496908,1,6,100.0,0
-0.4325512,39.2784496,-0.2725205,39.566609,294718178,relation,344953,39.4697065,-0.3763353,boundary,administrative,16,0.7306288056783602,city,Valencia,"Valencia, Comarca de València, Valencia, Valencian Community, Spain",937487.7544271208,Z074,542.4789883284143,1,430.4989705514002,1,676.8136325240929,1,189.61680900288624,1,356.93539191898543,1,127.05138195316502,1,6,100.0,0
-0.4325512,39.2784496,-0.2725205,39.566609,294718178,relation,344953,39.4697065,-0.3763353,boundary,administrative,16,0.7306288056783602,city,Valencia,"Valencia, Comarca de València, Valencia, Valencian Community, Spain",600392.2183209067,Z075,1676.4873142013716,0,1420.7096623109271,0,1771.9626123146522,0,450.53835762556923,1,954.7144072651907,1,605.9883792413301,1,3,50.0,0
-0.4325512,39.2784496,-0.2725205,39.566609,294718178,relation,344953,39.4697065,-0.3763353,boundary,administrative,16,0.7306288056783602,city,Valencia,"Valencia, Comarca de València, Valencia, Valencian Community, Spain",379971.2829704702,Z076,1409.4164380910565,0,1326.302233297765,0,2829.576692008338,0,1245.5371517383735,0,372.7064979374217,1,613.1202121771258,1,2,33.33333333333333,0
-0.4325512,39.2784496,-0.2725205,39.566609,294718178,relation,344953,39.4697065,-0.3763353,boundary,administrative,16,0.7306288056783602,city,Valencia,"Valencia, Comarca de València, Valencia, Valencian Community, Spain",187249.27272038537,Z077,1697.2994007176453,0,1779.619017818337,0,3614.939546704327,0,1415.536260764843,0,1026.516972641376,1,796.8614097768618,1,2,33.33333333333333,0
-0.4325512,39.2784496,-0.2725205,39.566609,294718178,relation,344953,39.4697065,-0.3763353,boundary,administrative,16,0.7306288056783602,city,Valencia,"Valencia, Comarca de València, Valencia, Valencian Community, Spain",99413.1357407113,Z078,6726.342668440311,0,4047.6173497901373,0,13575.93583609571,0,8832.512870490425,0,9035.712697659053,0,4094.262008584985,0,0,0.0,1
-0.4325512,39.2784496,-0.2725205,39.566609,294718178,relation,344953,39.4697065,-0.3763353,boundary,administrative,16,0.7306288056783602,city,Valencia,"Valencia, Comarca de València, Valencia, Valencian Community, Spain",1000000.0,Z079,6277.550258116992,0,4167.807515191843,0,12936.104114472053,0,8273.491035096955,0,8470.081717380612,0,4187.038251856453,0,0,0.0,1
-0.4325512,39.2784496,-0.2725205,39.566609,294718178,relation,344953,39.4697065,-0.3763353,boundary,administrative,16,0.7306288056783602,city,Valencia,"Valencia, Comarca de València, Valencia, Valencian Community, Spain",1000000.0,Z080,5498.260009209793,0,4321.315082230882,0,11936.180840510804,0,7338.269538410507,0,7527.0593948203,0,4145.612630985592,0,0,0.0,1
-0.4325512,39.2784496,-0.2725205,39.566609,294718178,relation,344953,39.4697065,-0.3763353,boundary,administrative,16,0.7306288056783602,city,Valencia,"Valencia, Comarca de València, Valencia, Valencian Community, Spain",1000000.0,Z081,4801.467381393094,0,4687.953561644814,0,10936.271597502418,0,6422.596494325545,0,6600.83039982289,0,4162.7934630915,0,0,0.0,1
-0.4325512,39.2784496,-0.2725205,39.566609,294718178,relation,344953,39.4697065,-0.3763353,boundary,administrative,16,0.7306288056783602,city,Valencia,"Valencia, Comarca de València, Valencia, Valencian Community, Spain",1000000.0,Z082,4228.157388304809,0,4212.090502780714,0,9936.380621295577,0,5536.180239069208,0,5699.587774679585,0,3773.3585950423058,0,0,0.0,1
-0.4325512,39.2784496,-0.2725205,39.566609,294718178,relation,344953,39.4697065,-0.3763353,boundary,administrative,16,0.7306288056783602,city,Valencia,"Valencia, Comarca de València, Valencia, Valencian Community, Spain",1000000.0,Z083,3834.1284258584515,0,3822.4945199840336,0,8936.5140434166,0,4695.618974107927,0,4837.31740072246,0,3563.5688828423386,0,0,0.0,3
-0.4325512,39.2784496,-0.2725205,39.566609,294718178,relation,344953,39.4697065,-0.3763353,boundary,administrative,16,0.7306288056783602,city,Valencia,"Valencia, Comarca de València, Valencia, Valencian Community, Spain",922478.4646257922,Z084,3682.3534090969933,0,3675.8073596067743,0,8057.489780920434,0,4017.4236193511847,0,4127.4673776485,0,3605.0612488070915,0,0,0.0,3
-0.4325512,39.2784496,-0.2725205,39.566609,294718178,relation,344953,39.4697065,-0.3763353,boundary,administrative,16,0.7306288056783602,city,Valencia,"Valencia, Comarca de València, Valencia, Valencian Community, Spain",53340.79321028281,Z085,3258.221706030726,0,3201.661928871079,0,7337.090610869786,0,3190.9057102189154,0,3282.06377203114,0,3257.494997655246,0,0,0.0,3
-0.4325512,39.2784496,-0.2725205,39.566609,294718178,relation,344953,39.4697065,-0.3763353,boundary,administrative,16,0.7306288056783602,city,Valencia,"Valencia, Comarca de València, Valencia, Valencian Community, Spain",494399.700184541,Z086,823.946118621096,1,878.6124249095197,1,748.9792843362836,1,583.2781553174115,1,250.93919341790982,1,177.76292026325694,1,6,100.0,0
-0.4325512,39.2784496,-0.2725205,39.566609,294718178,relation,344953,39.4697065,-0.3763353,boundary,administrative,16,0.7306288056783602,city,Valencia,"Valencia, Comarca de València, Valencia, Valencian Community, Spain",1000000.0,Z087,323.3920799029983,1,151.12536727993393,1,167.0144325011166,1,210.11597146433283,1,318.7620117311799,1,158.57504267036526,1,6,100.0,0
-0.4325512,39.2784496,-0.2725205,39.566609,294718178,relation,344953,39.4697065,-0.3763353,boundary,administrative,16,0.7306288056783602,city,Valencia,"Valencia, Comarca de València, Valencia, Valencian Community, Spain",1000000.0,Z088,766.1700149822169,1,710.8870824669417,1,1075.8797412369463,1,804.3463610924904,1,686.2171870777676,1,537.8884738123319,1,6,100.0,0
-0.4325512,39.2784496,-0.2725205,39.566609,294718178,relation,344953,39.4697065,-0.3763353,boundary,administrative,16,0.7306288056783602,city,Valencia,"Valencia, Comarca de València, Valencia, Valencian Community, Spain",1000000.0,Z089,272.05707880489666,1,275.1217161625928,1,825.5949239187443,1,346.03450459759324,1,605.029632586316,1,131.6301488929163,1,6,100.0,0
-0.4325512,39.2784496,-0.2725205,39.566609,294718178,relation,344953,39.4697065,-0.3763353,boundary,administrative,16,0.7306288056783602,city,Valencia,"Valencia, Comarca de València, Valencia, Valencian Community, Spain",1000000.0,Z090,189.67322595756738,1,175.3288717438627,1,91.68248733787341,1,42.84942704271293,1,103.47262355564904,1,143.6272813067397,1,6,100.0,0
-0.4325512,39.2784496,-0.2725205,39.566609,294718178,relation,344953,39.4697065,-0.3763353,boundary,administrative,16,0.7306288056783602,city,Valencia,"Valencia, Comarca de València, Valencia, Valencian Community, Spain",1000000.0,Z091,337.44961256442207,1,313.43193727655915,1,349.8297398329242,1,178.25894389956937,1,161.65374247744262,1,85.62732017739968,1,6,100.0,0
-0.4325512,39.2784496,-0.2725205,39.566609,294718178,relation,344953,39.4697065,-0.3763353,boundary,administrative,16,0.7306288056783602,city,Valencia,"Valencia, Comarca de València, Valencia, Valencian Community, Spain",1000000.0,Z092,130.40577283478254,1,198.72079136826287,1,516.0006653634287,1,205.97495144530356,1,359.137800706614,1,77.10121637181285,1,6,100.0,0
-0.4325512,39.2784496,-0.2725205,39.566609,294718178,relation,344953,39.4697065,-0.3763353,boundary,administrative,16,0.7306288056783602,city,Valencia,"Valencia, Comarca de València, Valencia, Valencian Community, Spain",1000000.0,Z093,113.20699690579738,1,96.15415185307621,1,119.78352825361782,1,199.87277611753277,1,223.92221297694337,1,107.20256476491451,1,6,100.0,0
-0.4325512,39.2784496,-0.2725205,39.566609,294718178,relation,344953,39.4697065,-0.3763353,boundary,administrative,16,0.7306288056783602,city,Valencia,"Valencia, Comarca de València, Valencia, Valencian Community, Spain",871819.4619641722,Z094,169.24064263825883,1,289.43132122110717,1,99.46271391680294,1,244.16836418161702,1,80.73103654893195,1,90.64498822887087,1,6,100.0,0
-0.4325512,39.2784496,-0.2725205,39.566609,294718178,relation,344953,39.4697065,-0.3763353,boundary,administrative,16,0.7306288056783602,city,Valencia,"Valencia, Comarca de València, Valencia, Valencian Community, Spain",538719.3694386696,Z095,745.7482126103938,1,1139.1230390384528,1,860.1037752599595,1,417.37722903574223,1,242.16572126158417,1,354.39715407043656,1,6,100.0,0
-0.4325512,39.2784496,-0.2725205,39.566609,294718178,relation,344953,39.4697065,-0.3763353,boundary,administrative,16,0.7306288056783602,city,Valencia,"Valencia, Comarca de València, Valencia, Valencian Community, Spain",470216.1922953369,Z096,2461.9318889449305,0,2478.922790092569,0,3036.1423608911005,0,1678.452540361454,0,404.2936722850638,1,60.424332895767726,1,2,33.33333333333333,0
-0.4325512,39.2784496,-0.2725205,39.566609,294718178,relation,344953,39.4697065,-0.3763353,boundary,administrative,16,0.7306288056783602,city,Valencia,"Valencia, Comarca de València, Valencia, Valencian Community, Spain",595522.751568698,Z097,2302.9129417365757,0,2410.614865162273,0,3912.6413733401723,0,2014.4189981716513,0,1211.367979693532,0,321.67859982184484,1,1,16.666666666666664,0
-0.4325512,39.2784496,-0.2725205,39.566609,294718178,relation,344953,39.4697065,-0.3763353,boundary,administrative,16,0.7306288056783602,city,Valencia,"Valencia, Comarca de València, Valencia, Valencian Community, Spain",656435.4837813842,Z098,5667.697544359576,0,3200.997742819028,0,12878.519549077215,0,7896.157964089052,0,8112.847982357836,0,3207.4297610869603,0,0,0.0,1
-0.4325512,39.2784496,-0.2725205,39.566609,294718178,relation,344953,39.4697065,-0.3763353,boundary,administrative,16,0.7306288056783602,city,Valencia,"Valencia, Comarca de València, Valencia, Valencian Community, Spain",1000000.0,Z099,4886.51746595262,0,3368.035498831977,0,11990.840895793901,0,7023.733295702578,0,7234.936952607491,0,3146.793936656929,0,0,0.0,1
-0.4325512,39.2784496,-0.2725205,39.566609,294718178,relation,344953,39.4697065,-0.3763353,boundary,administrative,16,0.7306288056783602,city,Valencia,"Valencia, Comarca de València, Valencia, Valencian Community, Spain",1000000.0,Z100,4086.7198130971065,0,3827.114798071593,0,10995.903272818654,0,6060.820658360962,0,6265.6724732679395,0,3224.8260604058123,0,0,0.0,3
-0.4325512,39.2784496,-0.2725205,39.566609,294718178,relation,344953,39.4697065,-0.3763353,boundary,administrative,16,0.7306288056783602,city,Valencia,"Valencia, Comarca de València, Valencia, Valencian Community, Spain",1000000.0,Z101,3394.776092242445,0,3376.3152509951556,0,10001.975413993205,0,5112.053693317728,0,5307.8235065165645,0,2851.4652373755557,0,0,0.0,3
-0.4325512,39.2784496,-0.2725205,39.566609,294718178,relation,344953,39.4697065,-0.3763353,boundary,administrative,16,0.7306288056783602,city,Valencia,"Valencia, Comarca de València, Valencia, Valencian Community, Spain",1000000.0,Z102,2889.2439499217253,0,2875.632560984471,0,9009.391521021184,0,4187.199406990879,0,4368.904806743275,0,2567.573986732547,0,0,0.0,3
-0.4325512,39.2784496,-0.2725205,39.566609,294718178,relation,344953,39.4697065,-0.3763353,boundary,administrative,16,0.7306288056783602,city,Valencia,"Valencia, Comarca de València, Valencia, Valencian Community, Spain",1000000.0,Z103,2677.86416531196,0,2671.89456706095,0,8018.65069547367,0,3306.3854561235717,0,3464.342368251139,0,2653.910767931836,0,0,0.0,3
-0.4325512,39.2784496,-0.2725205,39.566609,294718178,relation,344953,39.4697065,-0.3763353,boundary,administrative,16,0.7306288056783602,city,Valencia,"Valencia, Comarca de València, Valencia, Valencian Community, Spain",647922.7492859233,Z104,2456.942118385629,0,2404.3394712086224,0,7064.454218858599,0,2368.9102805189846,0,2497.4818216024937,0,2455.6857874307148,0,0,0.0,3
-0.4325512,39.2784496,-0.2725205,39.566609,294718178,relation,344953,39.4697065,-0.3763353,boundary,administrative,16,0.7306288056783602,city,Valencia,"Valencia, Comarca de València, Valencia, Valencian Community, Spain",407418.3585670877,Z105,2482.6084863348715,0,2296.655848919473,0,3244.6779531174943,0,2537.0970366200136,0,2278.6849883122004,0,1424.407677494468,0,0,0.0,3
-0.4325512,39.2784496,-0.2725205,39.566609,294718178,relation,344953,39.4697065,-0.3763353,boundary,administrative,16,0.7306288056783602,city,Valencia,"Valencia, Comarca de València, Valencia, Valencian Community, Spain",440894.8037860727,Z106,2607.2703653278454,0,1483.3406667729976,0,2492.1167797452736,0,1771.0444056873243,0,1576.7801760431303,0,1084.9143423951568,1,1,16.666666666666664,0
-0.4325512,39.2784496,-0.2725205,39.566609,294718178,relation,344953,39.4697065,-0.3763353,boundary,administrative,16,0.7306288056783602,city,Valencia,"Valencia, Comarca de València, Valencia, Valencian Community, Spain",609673.304440495,Z107,1864.2629704389242,0,735.7533942332733,1,1712.24157891017,0,1096.1852083660722,1,745.3074175033908,1,239.13795374936046,1,4,66.66666666666666,0
-0.4325512,39.2784496,-0.2725205,39.566609,294718178,relation,344953,39.4697065,-0.3763353,boundary,administrative,16,0.7306288056783602,city,Valencia,"Valencia, Comarca de València, Valencia, Valencian Community, Spain",1000000.0,Z108,1321.0885527270934,0,1135.0069592988186,1,1155.7448470703519,1,996.3447853840224,1,1004.3322655029552,1,708.4953983604796,1,5,83.33333333333334,0
-0.4325512,39.2784496,-0.2725205,39.566609,294718178,relation,344953,39.4697065,-0.3763353,boundary,administrative,16,0.7306288056783602,city,Valencia,"Valencia, Comarca de València, Valencia, Valencian Community, Spain",1000000.0,Z109,1597.550955795963,0,1319.2519285409733,0,1570.1495306085812,0,1356.2828727893532,0,1133.5625228700521,1,490.33685959600496,1,2,33.33333333333333,0
-0.4325512,39.2784496,-0.2725205,39.566609,294718178,relation,344953,39.4697065,-0.3763353,boundary,administrative,16,0.7306288056783602,city,Valencia,"Valencia, Comarca de València, Valencia, Valencian Community, Spain",1000000.0,Z110,867.5454839860827,1,886.5153754007722,1,1325.3905092742064,0,882.9493922543016,1,913.9680950953965,1,500.4139158005369,1,5,83.33333333333334,0
-0.4325512,39.2784496,-0.2725205,39.566609,294718178,relation,344953,39.4697065,-0.3763353,boundary,administrative,16,0.7306288056783602,city,Valencia,"Valencia, Comarca de València, Valencia, Valencian Community, Spain",1000000.0,Z111,368.8668098921298,1,249.37362722687848,1,669.6920201133089,1,589.2904384475997,1,206.6183352380872,1,194.31984797710828,1,6,100.0,0
-0.4325512,39.2784496,-0.2725205,39.566609,294718178,relation,344953,39.4697065,-0.3763353,boundary,administrative,16,0.7306288056783602,city,Valencia,"Valencia, Comarca de València, Valencia, Valencian Community, Spain",1000000.0,Z112,33.21274126854165,1,64.62413158774302,1,158.6344782737141,1,129.21015609389008,1,70.27404670097819,1,75.40399236630451,1,6,100.0,0
-0.4325512,39.2784496,-0.2725205,39.566609,294718178,relation,344953,39.4697065,-0.3763353,boundary,administrative,16,0.7306288056783602,city,Valencia,"Valencia, Comarca de València, Valencia, Valencian Community, Spain",1000000.0,Z113,82.6020997368492,1,113.73479302517315,1,209.91990145022004,1,195.20128014289702,1,147.11467703377107,1,49.94225417258922,1,6,100.0,0
-0.4325512,39.2784496,-0.2725205,39.566609,294718178,relation,344953,39.4697065,-0.3763353,boundary,administrative,16,0.7306288056783602,city,Valencia,"Valencia, Comarca de València, Valencia, Valencian Community, Spain",996290.554818089,Z114,707.8159456220991,1,453.3856405978234,1,610.5423911999637,1,78.6295640014791,1,445.333313000352,1,182.32312260422043,1,6,100.0,0
-0.4325512,39.2784496,-0.2725205,39.566609,294718178,relation,344953,39.4697065,-0.3763353,boundary,administrative,16,0.7306288056783602,city,Valencia,"Valencia, Comarca de València, Valencia, Valencian Community, Spain",135363.20453414667,Z115,577.8356786371771,1,435.160697731414,1,684.4486849100317,1,399.3447939052233,1,691.9702166009696,1,466.24080721552247,1,6,100.0,0
-0.4325512,39.2784496,-0.2725205,39.566609,294718178,relation,344953,39.4697065,-0.3763353,boundary,administrative,16,0.7306288056783602,city,Valencia,"Valencia, Comarca de València, Valencia, Valencian Community, Spain",94287.52654900498,Z116,4166.529771763545,0,4382.6244167153445,0,6295.795061657158,0,3915.112175852614,0,3784.169724993724,0,2368.783916506957,0,0,0.0,3
-0.4325512,39.2784496,-0.2725205,39.566609,294718178,relation,344953,39.4697065,-0.3763353,boundary,administrative,16,0.7306288056783602,city,Valencia,"Valencia, Comarca de València, Valencia, Valencian Community, Spain",923043.810801021,Z117,4348.37231223342,0,2488.926928356746,0,12053.05246231569,0,6756.637713560584,0,6997.507499942091,0,2144.1988513460483,0,0,0.0,3
-0.4325512,39.2784496,-0.2725205,39.566609,294718178,relation,344953,39.4697065,-0.3763353,boundary,administrative,16,0.7306288056783602,city,Valencia,"Valencia, Comarca de València, Valencia, Valencian Community, Spain",1000000.0,Z118,3514.0387941719114,0,3052.3280883770244,0,11145.3013021654,0,5840.828711804077,0,6078.350196995938,0,2295.1061996239055,0,0,0.0,3
-0.4325512,39.2784496,-0.2725205,39.566609,294718178,relation,344953,39.4697065,-0.3763353,boundary,administrative,16,0.7306288056783602,city,Valencia,"Valencia, Comarca de València, Valencia, Valencian Community, Spain",1000000.0,Z119,2678.0019665125765,0,2656.5584775399684,0,10165.990581984168,0,4852.961956120798,0,5085.339708552677,0,1982.9954354207007,0,0,0.0,3
-0.4325512,39.2784496,-0.2725205,39.566609,294718178,relation,344953,39.4697065,-0.3763353,boundary,administrative,16,0.7306288056783602,city,Valencia,"Valencia, Comarca de València, Valencia, Valencian Community, Spain",1000000.0,Z120,1998.7297011711298,0,1981.6813306586657,0,9191.13637750603,0,3871.3304501772895,0,4095.7317765494986,0,1576.6575950186416,0,0,0.0,3
-0.4325512,39.2784496,-0.2725205,39.566609,294718178,relation,344953,39.4697065,-0.3763353,boundary,administrative,16,0.7306288056783602,city,Valencia,"Valencia, Comarca de València, Valencia, Valencian Community, Spain",1000000.0,Z121,1678.7335417052525,0,1672.3692319511308,0,8222.323960224787,0,2901.031904059055,0,3112.773300372632,0,1656.9606860213667,0,0,0.0,3
-0.4325512,39.2784496,-0.2725205,39.566609,294718178,relation,344953,39.4697065,-0.3763353,boundary,administrative,16,0.7306288056783602,city,Valencia,"Valencia, Comarca de València, Valencia, Valencian Community, Spain",873200.7546734419,Z122,1817.9927810431996,0,1822.2550656047938,0,7461.076255246034,0,2146.757596160387,0,2344.7306260505334,0,1901.3529152747226,0,0,0.0,3
-0.4325512,39.2784496,-0.2725205,39.566609,294718178,relation,344953,39.4697065,-0.3763353,boundary,administrative,16,0.7306288056783602,city,Valencia,"Valencia, Comarca de València, Valencia, Valencian Community, Spain",134830.2255089057,Z123,1339.726284333141,0,1298.5374630746205,0,6632.825623809461,0,1212.4516930799075,0,1393.7568179965394,0,1337.413201389417,0,0,0.0,0
-0.4325512,39.2784496,-0.2725205,39.566609,294718178,relation,344953,39.4697065,-0.3763353,boundary,administrative,16,0.7306288056783602,city,Valencia,"Valencia, Comarca de València, Valencia, Valencian Community, Spain",196128.68684963215,Z124,268.4660677090953,1,215.69943329586374,1,5546.698240168458,0,408.45279267204756,1,171.859623550236,1,271.16672298269157,1,5,83.33333333333334,0
-0.4325512,39.2784496,-0.2725205,39.566609,294718178,relation,344953,39.4697065,-0.3763353,boundary,administrative,16,0.7306288056783602,city,Valencia,"Valencia, Comarca de València, Valencia, Valencian Community, Spain",857174.9851816415,Z125,1186.7679201635572,1,1176.0845867034168,1,4523.96284820406,0,1379.58797576973,0,984.9213886518248,1,748.7616107526799,1,4,66.66666666666666,0
-0.4325512,39.2784496,-0.2725205,39.566609,294718178,relation,344953,39.4697065,-0.3763353,boundary,administrative,16,0.7306288056783602,city,Valencia,"Valencia, Comarca de València, Valencia, Valencian Community, Spain",1000000.0,Z126,2133.502734974075,0,2136.5498947089764,0,3640.7043675063715,0,2326.7392765630802,0,1945.9463365953486,0,841.3438545399343,1,1,16.666666666666664,0
-0.4325512,39.2784496,-0.2725205,39.566609,294718178,relation,344953,39.4697065,-0.3763353,boundary,administrative,16,0.7306288056783602,city,Valencia,"Valencia, Comarca de València, Valencia, Valencian Community, Spain",1000000.0,Z127,3034.608363768603,0,1191.889505109409,1,2895.574500598289,0,1355.4281351087254,0,1292.0849488546787,0,367.1443558478282,1,2,33.33333333333333,0
-0.4325512,39.2784496,-0.2725205,39.566609,294718178,relation,344953,39.4697065,-0.3763353,boundary,administrative,16,0.7306288056783602,city,Valencia,"Valencia, Comarca de València, Valencia, Valencian Community, Spain",992371.4968720198,Z128,2432.23022968057,0,36.19999545528741,1,2267.5124867292175,0,340.90038616763223,1,99.33653346169291,1,124.81546785440618,1,4,66.66666666666666,0
-0.4325512,39.2784496,-0.2725205,39.566609,294718178,relation,344953,39.4697065,-0.3763353,boundary,administrative,16,0.7306288056783602,city,Valencia,"Valencia, Comarca de València, Valencia, Valencian Community, Spain",975063.1157997792,Z129,2279.5771224436403,0,759.0919444655913,1,2153.983211956932,0,716.2107815303433,1,637.6131677230767,1,190.09369615191758,1,4,66.66666666666666,0
-0.4325512,39.2784496,-0.2725205,39.566609,294718178,relation,344953,39.4697065,-0.3763353,boundary,administrative,16,0.7306288056783602,city,Valencia,"Valencia, Comarca de València, Valencia, Valencian Community, Spain",1000000.0,Z130,1255.7723241792207,0,1226.3735371547168,0,1766.4851777876163,0,875.2195494806917,1,593.262426680549,1,509.1857952844991,1,3,50.0,0
-0.4325512,39.2784496,-0.2725205,39.566609,294718178,relation,344953,39.4697065,-0.3763353,boundary,administrative,16,0.7306288056783602,city,Valencia,"Valencia, Comarca de València, Valencia, Valencian Community, Spain",1000000.0,Z131,419.6520221502162,1,385.21901062529565,1,769.0047287171923,1,121.31436646794731,1,356.7851130548586,1,167.11052846790082,1,6,100.0,0
-0.4325512,39.2784496,-0.2725205,39.566609,294718178,relation,344953,39.4697065,-0.3763353,boundary,administrative,16,0.7306288056783602,city,Valencia,"Valencia, Comarca de València, Valencia, Valencian Community, Spain",1000000.0,Z132,461.6672183501011,1,365.6048259349725,1,249.53288808954036,1,343.7447040440357,1,280.79955947269997,1,386.56130035085147,1,6,100.0,0
-0.4325512,39.2784496,-0.2725205,39.566609,294718178,relation,344953,39.4697065,-0.3763353,boundary,administrative,16,0.7306288056783602,city,Valencia,"Valencia, Comarca de València, Valencia, Valencian Community, Spain",1000000.0,Z133,122.7692690335037,1,142.2649845697823,1,405.1766465572217,1,116.60280120912384,1,31.642087456762244,1,24.81920802374771,1,6,100.0,0
-0.4325512,39.2784496,-0.2725205,39.566609,294718178,relation,344953,39.4697065,-0.3763353,boundary,administrative,16,0.7306288056783602,city,Valencia,"Valencia, Comarca de València, Valencia, Valencian Community, Spain",1000000.0,Z134,158.0322192705792,1,97.60081590923072,1,664.9945366914473,1,128.58388183558048,1,58.17701952212695,1,267.1654753905863,1,6,100.0,0
-0.4325512,39.2784496,-0.2725205,39.566609,294718178,relation,344953,39.4697065,-0.3763353,boundary,administrative,16,0.7306288056783602,city,Valencia,"Valencia, Comarca de València, Valencia, Valencian Community, Spain",922431.2611722443,Z135,471.01355941599843,1,554.1084146851251,1,729.568425294951,1,51.23706966444717,1,413.61393737203247,1,439.5967839255364,1,6,100.0,0
-0.4325512,39.2784496,-0.2725205,39.566609,294718178,relation,344953,39.4697065,-0.3763353,boundary,administrative,16,0.7306288056783602,city,Valencia,"Valencia, Comarca de València, Valencia, Valencian Community, Spain",330771.82729541394,Z136,4290.654105924028,0,4461.329238073199,0,5467.717993052017,0,4009.0237636803113,0,3248.6369382285206,0,1917.3080219477554,0,0,0.0,3
-0.4325512,39.2784496,-0.2725205,39.566609,294718178,relation,344953,39.4697065,-0.3763353,boundary,administrative,16,0.7306288056783602,city,Valencia,"Valencia, Comarca de València, Valencia, Valencian Community, Spain",541047.3925114668,Z137,4701.863302802387,0,4900.210164964694,0,6277.81163484923,0,4434.927984876044,0,3968.454461536774,0,2578.4314071791173,0,0,0.0,3
-0.4325512,39.2784496,-0.2725205,39.566609,294718178,relation,344953,39.4697065,-0.3763353,boundary,administrative,16,0.7306288056783602,city,Valencia,"Valencia, Comarca de València, Valencia, Valencian Community, Spain",66832.520112681,Z138,4920.000983210741,0,5136.176649654849,0,6835.699526399061,0,4668.645151870709,0,4436.752407689463,0,3024.399454741362,0,0,0.0,3
-0.4325512,39.2784496,-0.2725205,39.566609,294718178,relation,344953,39.4697065,-0.3763353,boundary,administrative,16,0.7306288056783602,city,Valencia,"Valencia, Comarca de València, Valencia, Valencian Community, Spain",207017.71809985468,Z139,4730.536046760948,0,1103.5736154135393,1,12993.265726666154,0,7409.3803315718815,0,7680.043752234273,0,977.035643648112,1,2,33.33333333333333,2
-0.4325512,39.2784496,-0.2725205,39.566609,294718178,relation,344953,39.4697065,-0.3763353,boundary,administrative,16,0.7306288056783602,city,Valencia,"Valencia, Comarca de València, Valencia, Valencian Community, Spain",1000000.0,Z140,4143.963389972976,0,1638.1273712207937,0,12344.876267099571,0,6784.232547479392,0,7051.219175314586,0,1155.304317904249,1,1,16.666666666666664,2
-0.4325512,39.2784496,-0.2725205,39.566609,294718178,relation,344953,39.4697065,-0.3763353,boundary,administrative,16,0.7306288056783602,city,Valencia,"Valencia, Comarca de València, Valencia, Valencian Community, Spain",1000000.0,Z141,3161.5911283932473,0,2446.7541438745116,0,11380.9311326858,0,5784.615023076125,0,6052.605281396142,0,1408.446115811174,0,0,0.0,3
-0.4325512,39.2784496,-0.2725205,39.566609,294718178,relation,344953,39.4697065,-0.3763353,boundary,administrative,16,0.7306288056783602,city,Valencia,"Valencia, Comarca de València, Valencia, Valencian Community, Spain",1000000.0,Z142,2195.195742713977,0,2171.428381291096,0,10423.781312165806,0,4785.157329922221,0,5054.539496970564,0,1001.4612326080565,1,1,16.666666666666664,3
-0.4325512,39.2784496,-0.2725205,39.566609,294718178,relation,344953,39.4697065,-0.3763353,boundary,administrative,16,0.7306288056783602,city,Valencia,"Valencia, Comarca de València, Valencia, Valencian Community, Spain",1000000.0,Z143,1281.4484907829901,0,1258.9118979380876,0,9475.486279911844,0,3785.9860510875483,0,4057.426322251294,0,615.4313416438146,1,1,16.666666666666664,3
-0.4325512,39.2784496,-0.2725205,39.566609,294718178,relation,344953,39.4697065,-0.3763353,boundary,administrative,16,0.7306288056783602,city,Valencia,"Valencia, Comarca de València, Valencia, Valencian Community, Spain",1000000.0,Z144,682.1554956389671,1,674.2530077527666,1,8538.996641160695,0,2787.409206764561,0,3062.196465703275,0,669.1749142758545,1,3,50.0,0
-0.4325512,39.2784496,-0.2725205,39.566609,294718178,relation,344953,39.4697065,-0.3763353,boundary,administrative,16,0.7306288056783602,city,Valencia,"Valencia, Comarca de València, Valencia, Valencian Community, Spain",902225.0052085068,Z145,1035.3435656102681,1,1054.0420546216203,1,7696.422175204974,0,1806.8520627654625,0,2101.563941786134,0,1064.879160238578,1,3,50.0,0
-0.4325512,39.2784496,-0.2725205,39.566609,294718178,relation,344953,39.4697065,-0.3763353,boundary,administrative,16,0.7306288056783602,city,Valencia,"Valencia, Comarca de València, Valencia, Valencian Community, Spain",792585.0018575871,Z146,993.3375141895165,1,1000.0898008501559,1,6700.037806067224,0,755.7221357828985,1,1062.1853970556967,1,674.2299526577984,1,5,83.33333333333334,0
-0.4325512,39.2784496,-0.2725205,39.566609,294718178,relation,344953,39.4697065,-0.3763353,boundary,administrative,16,0.7306288056783602,city,Valencia,"Valencia, Comarca de València, Valencia, Valencian Community, Spain",895210.7622817879,Z147,281.94093803095035,1,342.399208823989,1,5844.339330057001,0,246.0731879070004,1,308.0680263962095,1,263.3180811665422,1,5,83.33333333333334,0
-0.4325512,39.2784496,-0.2725205,39.566609,294718178,relation,344953,39.4697065,-0.3763353,boundary,administrative,16,0.7306288056783602,city,Valencia,"Valencia, Comarca de València, Valencia, Valencian Community, Spain",627564.25925182,Z148,1013.114981440575,1,1044.3606498424544,1,4944.51893758001,0,1182.0120462241819,1,892.5119342581451,1,490.51882461396394,1,5,83.33333333333334,0
-0.4325512,39.2784496,-0.2725205,39.566609,294718178,relation,344953,39.4697065,-0.3763353,boundary,administrative,16,0.7306288056783602,city,Valencia,"Valencia, Comarca de València, Valencia, Valencian Community, Spain",367018.8904199376,Z149,2005.522652599303,0,2028.635323118658,0,4096.936975370938,0,2183.499750890697,0,1857.1301458205903,0,520.1454980342539,1,1,16.666666666666664,0
-0.4325512,39.2784496,-0.2725205,39.566609,294718178,relation,344953,39.4697065,-0.3763353,boundary,administrative,16,0.7306288056783602,city,Valencia,"Valencia, Comarca de València, Valencia, Valencian Community, Spain",129385.19938372727,Z150,2991.0129792210128,0,1353.7018929110757,0,3356.0773355913775,0,1369.161622949249,0,1370.2456111120237,0,210.19651126510547,1,1,16.666666666666664,0
-0.4325512,39.2784496,-0.2725205,39.566609,294718178,relation,344953,39.4697065,-0.3763353,boundary,administrative,16,0.7306288056783602,city,Valencia,"Valencia, Comarca de València, Valencia, Valencian Community, Spain",621235.4670737939,Z151,2299.632661629999,0,1418.1890235242658,0,2927.9024907650064,0,1076.4690212193718,1,1216.5530645428246,0,804.2281331552068,1,2,33.33333333333333,0
-0.4325512,39.2784496,-0.2725205,39.566609,294718178,relation,344953,39.4697065,-0.3763353,boundary,administrative,16,0.7306288056783602,city,Valencia,"Valencia, Comarca de València, Valencia, Valencian Community, Spain",557895.1131806409,Z152,1294.5729912407712,0,1277.9955286072054,0,1911.221960992407,0,969.0655087960881,1,698.9637926541724,1,764.1806684258759,1,3,50.0,0
-0.4325512,39.2784496,-0.2725205,39.566609,294718178,relation,344953,39.4697065,-0.3763353,boundary,administrative,16,0.7306288056783602,city,Valencia,"Valencia, Comarca de València, Valencia, Valencian Community, Spain",813682.1209748703,Z153,388.47864414262864,1,458.76726288762296,1,964.2339698836211,1,276.67791359446977,1,378.791711251352,1,255.3135767951712,1,6,100.0,0
-0.4325512,39.2784496,-0.2725205,39.566609,294718178,relation,344953,39.4697065,-0.3763353,boundary,administrative,16,0.7306288056783602,city,Valencia,"Valencia, Comarca de València, Valencia, Valencian Community, Spain",597303.9435344217,Z154,670.16117967995,1,732.540428547586,1,699.6502636453798,1,669.3901500591061,1,527.0238710040693,1,10.505799509834207,1,6,100.0,0
-0.4325512,39.2784496,-0.2725205,39.566609,294718178,relation,344953,39.4697065,-0.3763353,boundary,administrative,16,0.7306288056783602,city,Valencia,"Valencia, Comarca de València, Valencia, Valencian Community, Spain",835455.950882683,Z155,296.54466182469605,1,311.7012671801607,1,611.2339949145655,1,427.0500396918161,1,152.20049058225229,1,119.58750363626568,1,6,100.0,0
-0.4325512,39.2784496,-0.2725205,39.566609,294718178,relation,344953,39.4697065,-0.3763353,boundary,administrative,16,0.7306288056783602,city,Valencia,"Valencia, Comarca de València, Valencia, Valencian Community, Spain",752127.2241952136,Z156,577.8803196917253,1,106.40842112900917,1,150.22861313266128,1,246.99063669724077,1,244.98083060526616,1,45.482585983720966,1,6,100.0,0
-0.4325512,39.2784496,-0.2725205,39.566609,294718178,relation,344953,39.4697065,-0.3763353,boundary,administrative,16,0.7306288056783602,city,Valencia,"Valencia, Comarca de València, Valencia, Valencian Community, Spain",465508.9706126659,Z157,129.5132064331295,1,73.45461222616943,1,593.6723894652819,1,165.10463799055776,1,148.23395226660625,1,41.33493493607274,1,6,100.0,0
-0.4325512,39.2784496,-0.2725205,39.566609,294718178,relation,344953,39.4697065,-0.3763353,boundary,administrative,16,0.7306288056783602,city,Valencia,"Valencia, Comarca de València, Valencia, Valencian Community, Spain",102322.68341202712,Z158,6870.204828209787,0,7096.01133649212,0,8656.390702196317,0,6630.151648205524,0,6400.47029098172,0,5000.335764416603,0,0,0.0,1
-0.4325512,39.2784496,-0.2725205,39.566609,294718178,relation,344953,39.4697065,-0.3763353,boundary,administrative,16,0.7306288056783602,city,Valencia,"Valencia, Comarca de València, Valencia, Valencian Community, Spain",113373.84468578051,Z159,5786.970385650205,0,535.5964562739618,1,14316.605054981732,0,8576.218487433658,0,8863.708688838478,0,630.1659977046369,1,2,33.33333333333333,2
-0.4325512,39.2784496,-0.2725205,39.566609,294718178,relation,344953,39.4697065,-0.3763353,boundary,administrative,16,0.7306288056783602,city,Valencia,"Valencia, Comarca de València, Valencia, Valencian Community, Spain",524170.20140381623,Z160,5142.8022339490535,0,204.10232171675543,1,13699.47830777764,0,7937.482808648581,0,8226.528727855848,0,122.26211571022858,1,2,33.33333333333333,2
-0.4325512,39.2784496,-0.2725205,39.566609,294718178,relation,344953,39.4697065,-0.3763353,boundary,administrative,16,0.7306288056783602,city,Valencia,"Valencia, Comarca de València, Valencia, Valencian Community, Spain",1000000.0,Z161,4101.173294755178,0,1163.3401763117952,1,12637.397769352767,0,6882.753967912746,0,7169.894101963001,0,225.69018711811128,1,2,33.33333333333333,2
-0.4325512,39.2784496,-0.2725205,39.566609,294718178,relation,344953,39.4697065,-0.3763353,boundary,administrative,16,0.7306288056783602,city,Valencia,"Valencia, Comarca de València, Valencia, Valencian Community, Spain",1000000.0,Z162,3105.2935898750748,0,2157.89363084545,0,11697.582903224204,0,5899.852700682496,0,6190.453962952741,0,831.6283190344171,1,1,16.666666666666664,3
-0.4325512,39.2784496,-0.2725205,39.566609,294718178,relation,344953,39.4697065,-0.3763353,boundary,administrative,16,0.7306288056783602,city,Valencia,"Valencia, Comarca de València, Valencia, Valencian Community, Spain",1000000.0,Z163,2113.308819130302,0,2091.1478870619035,0,10768.61500726641,0,4923.842157975914,0,5218.817787726283,0,269.8890582461988,1,1,16.666666666666664,3
-0.4325512,39.2784496,-0.2725205,39.566609,294718178,relation,344953,39.4697065,-0.3763353,boundary,administrative,16,0.7306288056783602,city,Valencia,"Valencia, Comarca de València, Valencia, Valencian Community, Spain",1000000.0,Z164,1135.4734918598374,1,1114.7454585056876,1,9853.562430495913,0,3959.820867613721,0,4260.328383535478,0,513.35664166959,1,3,50.0,3
-0.4325512,39.2784496,-0.2725205,39.566609,294718178,relation,344953,39.4697065,-0.3763353,boundary,administrative,16,0.7306288056783602,city,Valencia,"Valencia, Comarca de València, Valencia, Valencian Community, Spain",855406.1472549778,Z165,281.24521423541717,1,277.4140848993517,1,8950.594814905591,0,3019.8773094171456,0,3325.639834597044,0,187.0506026999076,1,3,50.0,0
-0.4325512,39.2784496,-0.2725205,39.566609,294718178,relation,344953,39.4697065,-0.3763353,boundary,administrative,16,0.7306288056783602,city,Valencia,"Valencia, Comarca de València, Valencia, Valencian Community, Spain",537326.2779388241,Z166,950.2681721941171,1,973.9330303770673,1,7935.941036696687,0,1983.5659287228339,0,2294.2109537502433,0,926.510067220107,1,3,50.0,0
-0.4325512,39.2784496,-0.2725205,39.566609,294718178,relation,344953,39.4697065,-0.3763353,boundary,administrative,16,0.7306288056783602,city,Valencia,"Valencia, Comarca de València, Valencia, Valencian Community, Spain",203313.03735649723,Z167,1348.629182954875,0,1374.0561402311994,0,7029.075448420123,0,1104.7282923508822,1,1411.8107986400735,0,713.9590076727577,1,2,33.33333333333333,0
-0.4325512,39.2784496,-0.2725205,39.566609,294718178,relation,344953,39.4697065,-0.3763353,boundary,administrative,16,0.7306288056783602,city,Valencia,"Valencia, Comarca de València, Valencia, Valencian Community, Spain",65827.23547703859,Z168,3305.298230347543,0,2026.828313607768,0,3937.112747295802,0,1682.378537020275,0,1836.5420977948224,0,1776.6406372716567,0,0,0.0,3
-0.4325512,39.2784496,-0.2725205,39.566609,294718178,relation,344953,39.4697065,-0.3763353,boundary,administrative,16,0.7306288056783602,city,Valencia,"Valencia, Comarca de València, Valencia, Valencian Community, Spain",803326.2878881906,Z169,2828.7423884331943,0,2076.4227883121494,0,3460.4583763735486,0,1715.2828269292108,0,1871.9839987366604,0,1622.6346591515971,0,0,0.0,0
-0.4325512,39.2784496,-0.2725205,39.566609,294718178,relation,344953,39.4697065,-0.3763353,boundary,administrative,16,0.7306288056783602,city,Valencia,"Valencia, Comarca de València, Valencia, Valencian Community, Spain",118041.63638039006,Z170,1543.9814615935622,0,1574.3342679290022,0,2157.335905179535,0,1461.0111498521421,0,1172.0173158268497,1,1221.0066842705892,0,1,16.666666666666664,0
-0.4325512,39.2784496,-0.2725205,39.566609,294718178,relation,344953,39.4697065,-0.3763353,boundary,administrative,16,0.7306288056783602,city,Valencia,"Valencia, Comarca de València, Valencia, Valencian Community, Spain",346932.59192084934,Z171,1382.5200354002702,0,1439.3046851038207,0,1942.887502857766,0,1271.5808843678165,0,1183.082346237446,1,1114.7729296968153,1,2,33.33333333333333,0
-0.4325512,39.2784496,-0.2725205,39.566609,294718178,relation,344953,39.4697065,-0.3763353,boundary,administrative,16,0.7306288056783602,city,Valencia,"Valencia, Comarca de València, Valencia, Valencian Community, Spain",780211.5452464656,Z172,1571.9461629280333,0,1627.384988839246,0,1838.3872959879461,0,1538.469142134181,0,614.3504358856549,1,1076.5815029084144,1,2,33.33333333333333,0
-0.4325512,39.2784496,-0.2725205,39.566609,294718178,relation,344953,39.4697065,-0.3763353,boundary,administrative,16,0.7306288056783602,city,Valencia,"Valencia, Comarca de València, Valencia, Valencian Community, Spain",117205.80017060843,Z173,961.35886506797,1,990.8001979215384,1,1290.11714616283,0,1065.512732551025,1,278.0627852708111,1,524.5817758571045,1,5,83.33333333333334,0
-0.4325512,39.2784496,-0.2725205,39.566609,294718178,relation,344953,39.4697065,-0.3763353,boundary,administrative,16,0.7306288056783602,city,Valencia,"Valencia, Comarca de València, Valencia, Valencian Community, Spain",139895.10114589092,Z174,7290.819390875695,0,7494.255766200514,0,8401.191146838451,0,7027.87511625228,0,6431.349176560014,0,5105.988253809069,0,0,0.0,1
-0.4325512,39.2784496,-0.2725205,39.566609,294718178,relation,344953,39.4697065,-0.3763353,boundary,administrative,16,0.7306288056783602,city,Valencia,"Valencia, Comarca de València, Valencia, Valencian Community, Spain",674526.5796737877,Z175,7321.461226611839,0,7539.233012270745,0,8809.692314716971,0,7071.766713186658,0,6684.67066906232,0,5310.8861886668665,0,0,0.0,1
-0.4325512,39.2784496,-0.2725205,39.566609,294718178,relation,344953,39.4697065,-0.3763353,boundary,administrative,16,0.7306288056783602,city,Valencia,"Valencia, Comarca de València, Valencia, Valencian Community, Spain",595967.5860944275,Z176,6266.507645116807,0,1063.5402027324576,1,14919.072496278364,0,9087.472495957707,0,9384.28485175239,0,1004.538662445441,1,2,33.33333333333333,2
-0.4325512,39.2784496,-0.2725205,39.566609,294718178,relation,344953,39.4697065,-0.3763353,boundary,administrative,16,0.7306288056783602,city,Valencia,"Valencia, Comarca de València, Valencia, Valencian Community, Spain",1000000.0,Z177,5257.716835670874,0,848.5958349362876,1,13924.153522378587,0,8079.7792915679365,0,8377.394115973919,0,803.3711849097406,1,2,33.33333333333333,2
-0.4325512,39.2784496,-0.2725205,39.566609,294718178,relation,344953,39.4697065,-0.3763353,boundary,administrative,16,0.7306288056783602,city,Valencia,"Valencia, Comarca de València, Valencia, Valencian Community, Spain",1000000.0,Z178,4297.302899470478,0,1422.4132477228354,0,13000.449019618844,0,7121.712793097683,0,7422.605405679104,0,355.9049431131175,1,1,16.666666666666664,2
-0.4325512,39.2784496,-0.2725205,39.566609,294718178,relation,344953,39.4697065,-0.3763353,boundary,administrative,16,0.7306288056783602,city,Valencia,"Valencia, Comarca de València, Valencia, Valencian Community, Spain",943128.9128929105,Z179,3336.654465786303,0,2324.442929805014,0,12065.483335791623,0,6153.582475250327,0,6458.082253590805,0,665.0984614940478,1,1,16.666666666666664,3
-0.4325512,39.2784496,-0.2725205,39.566609,294718178,relation,344953,39.4697065,-0.3763353,boundary,administrative,16,0.7306288056783602,city,Valencia,"Valencia, Comarca de València, Valencia, Valencian Community, Spain",604761.8596509184,Z180,2375.3074277753594,0,2357.3716694838245,0,11105.674055863685,0,5177.158266155686,0,5483.61687255914,0,870.1560579280058,1,1,16.666666666666664,3
-0.4325512,39.2784496,-0.2725205,39.566609,294718178,relation,344953,39.4697065,-0.3763353,boundary,administrative,16,0.7306288056783602,city,Valencia,"Valencia, Comarca de València, Valencia, Valencian Community, Spain",237361.11177522043,Z181,1463.0757884193274,0,1448.92687448809,0,10155.415571999025,0,4210.829771254653,0,4519.719335738815,0,951.562735905933,1,1,16.666666666666664,3
-0.4325512,39.2784496,-0.2725205,39.566609,294718178,relation,344953,39.4697065,-0.3763353,boundary,administrative,16,0.7306288056783602,city,Valencia,"Valencia, Comarca de València, Valencia, Valencian Community, Spain",181520.56278658606,Z182,2853.7570202919114,0,2906.2879862154246,0,3410.5226429348013,0,2744.388466277382,0,2574.259792017115,0,2569.4098920622246,0,0,0.0,3
-0.4325512,39.2784496,-0.2725205,39.566609,294718178,relation,344953,39.4697065,-0.3763353,boundary,administrative,16,0.7306288056783602,city,Valencia,"Valencia, Comarca de València, Valencia, Valencian Community, Spain",457778.0674158542,Z183,2384.9798502632566,0,2464.1853988106814,0,2824.2589968673074,0,2247.298305073597,0,1941.7222752093235,0,2181.857750848514,0,0,0.0,3
-0.4325512,39.2784496,-0.2725205,39.566609,294718178,relation,344953,39.4697065,-0.3763353,boundary,administrative,16,0.7306288056783602,city,Valencia,"Valencia, Comarca de València, Valencia, Valencian Community, Spain",50676.1901343067,Z184,2165.9659854584943,0,2257.9688842484175,0,2500.0655713140773,0,2018.7223413047393,0,1381.860603073668,0,1777.4497167657307,0,0,0.0,0
-0.4325512,39.2784496,-0.2725205,39.566609,294718178,relation,344953,39.4697065,-0.3763353,boundary,administrative,16,0.7306288056783602,city,Valencia,"Valencia, Comarca de València, Valencia, Valencian Community, Spain",114737.5265158313,Z185,1975.8743608706272,0,2001.9305910359842,0,2156.299780075621,0,2048.732191919188,0,1046.5455446685305,1,1536.6744821818663,0,1,16.666666666666664,0
-0.4325512,39.2784496,-0.2725205,39.566609,294718178,relation,344953,39.4697065,-0.3763353,boundary,administrative,16,0.7306288056783602,city,Valencia,"Valencia, Comarca de València, Valencia, Valencian Community, Spain",635550.1884263796,Z186,7902.471681656525,0,8093.339147414037,0,8603.165202886097,0,7630.935655382359,0,6845.133568153072,0,5588.123757446432,0,0,0.0,1
-0.4325512,39.2784496,-0.2725205,39.566609,294718178,relation,344953,39.4697065,-0.3763353,boundary,administrative,16,0.7306288056783602,city,Valencia,"Valencia, Comarca de València, Valencia, Valencian Community, Spain",368267.89499313926,Z187,7966.528389208944,0,8174.646127310735,0,9099.225796591732,0,7707.469116044814,0,7147.0200489396675,0,5817.504808473307,0,0,0.0,1
-0.4325512,39.2784496,-0.2725205,39.566609,294718178,relation,344953,39.4697065,-0.3763353,boundary,administrative,16,0.7306288056783602,city,Valencia,"Valencia, Comarca de València, Valencia, Valencian Community, Spain",124744.5552728414,Z188,8284.098983857897,0,2448.9393677818375,0,16984.33348235928,0,11107.803984444325,0,11409.742286820287,0,862.4373856473936,1,1,16.666666666666664,2
-0.4325512,39.2784496,-0.2725205,39.566609,294718178,relation,344953,39.4697065,-0.3763353,boundary,administrative,16,0.7306288056783602,city,Valencia,"Valencia, Comarca de València, Valencia, Valencian Community, Spain",766063.9301437279,Z189,7493.68472058186,0,1682.2148159094527,0,16194.734648656242,0,10317.495907880875,0,10619.324362715892,0,800.7558927132687,1,1,16.666666666666664,2
-0.4325512,39.2784496,-0.2725205,39.566609,294718178,relation,344953,39.4697065,-0.3763353,boundary,administrative,16,0.7306288056783602,city,Valencia,"Valencia, Comarca de València, Valencia, Valencian Community, Spain",1000000.0,Z190,6516.713148097042,0,681.2817070625119,1,15233.524879314497,0,9337.73873151747,0,9641.26977712713,0,453.0870603190828,1,2,33.33333333333333,2
-0.4325512,39.2784496,-0.2725205,39.566609,294718178,relation,344953,39.4697065,-0.3763353,boundary,administrative,16,0.7306288056783602,city,Valencia,"Valencia, Comarca de València, Valencia, Valencian Community, Spain",828965.017267726,Z191,5537.623718248092,0,359.45263977057476,1,14266.808318859097,0,8350.865436708613,0,8656.456067083422,0,352.11443198527064,1,2,33.33333333333333,2
-0.4325512,39.2784496,-0.2725205,39.566609,294718178,relation,344953,39.4697065,-0.3763353,boundary,administrative,16,0.7306288056783602,city,Valencia,"Valencia, Comarca de València, Valencia, Valencian Community, Spain",407443.0050736766,Z192,4569.598065737781,0,1351.680957545335,0,13301.30906266024,0,7373.212022670989,0,7680.129522276375,0,894.3804506782011,1,1,16.666666666666664,2
-0.4325512,39.2784496,-0.2725205,39.566609,294718178,relation,344953,39.4697065,-0.3763353,boundary,administrative,16,0.7306288056783602,city,Valencia,"Valencia, Comarca de València, Valencia, Valencian Community, Spain",174981.8333152496,Z193,8464.343862536734,0,8653.798898843457,0,9050.421054681035,0,8192.010740266773,0,7369.526160187831,0,6131.5565924788325,0,0,0.0,1
-0.4325512,39.2784496,-0.2725205,39.566609,294718178,relation,344953,39.4697065,-0.3763353,boundary,administrative,16,0.7306288056783602,city,Valencia,"Valencia, Comarca de València, Valencia, Valencian Community, Spain",730863.5518347961,Z194,8533.19460663597,0,2638.2824511836257,0,17258.659745689623,0,11348.175488574048,0,11653.616032367778,0,351.3443896439397,1,1,16.666666666666664,2
-0.4325512,39.2784496,-0.2725205,39.566609,294718178,relation,344953,39.4697065,-0.3763353,boundary,administrative,16,0.7306288056783602,city,Valencia,"Valencia, Comarca de València, Valencia, Valencian Community, Spain",759215.7356709387,Z195,7768.743074862865,0,1875.2951986342152,0,16498.613891841393,0,10578.73790297684,0,10885.1098193623,0,157.31655318820222,1,1,16.666666666666664,2
-0.4325512,39.2784496,-0.2725205,39.566609,294718178,relation,344953,39.4697065,-0.3763353,boundary,administrative,16,0.7306288056783602,city,Valencia,"Valencia, Comarca de València, Valencia, Valencian Community, Spain",275577.8305426982,Z196,6780.43203949707,0,924.6622202656912,1,15512.191873193717,0,9583.405392798735,0,9890.704398101725,0,193.2054296742982,1,2,33.33333333333333,2
-0.4325512,39.2784496,-0.2725205,39.566609,294718178,relation,344953,39.4697065,-0.3763353,boundary,administrative,16,0.7306288056783602,city,Valencia,"Valencia, Comarca de València, Valencia, Valencian Community, Spain",265383.39924196084,Z197,9019.522932507347,0,3141.192139667839,0,17751.285637662753,0,11819.910955798188,0,12127.698248798131,0,160.91989680626034,1,1,16.666666666666664,2
